"Sepal.L.","Sepal.W.","Petal.L.","Petal.W.","species","df$prediction","df$probability"
5.1,3.5,1.4,0.2,"s","s",0.999481191934079
4.9,3,1.4,0.2,"s","s",0.99940498935128
4.7,3.2,1.3,0.2,"s","s",0.999457773686558
4.6,3.1,1.5,0.2,"s","s",0.999374655835933
5,3.6,1.4,0.2,"s","s",0.999486293407552